{
  "data_mode": "REAL",
  "runs": [
    {
      "model": "RandomForest",
      "task": "binary",
      "accuracy": 0.9989949908121941,
      "balanced_accuracy": 0.9985019709449139,
      "mcc": 0.9964217064988449,
      "precision_macro": 0.9979199055623112,
      "recall_macro": 0.9985019709449139,
      "f1_macro": 0.9982106591289868,
      "f1_weighted": 0.9989952843530161,
      "fpr": 0.0007536424062180269,
      "fnr": 0.0022424157039541656,
      "detection_rate": 0.9977575842960459,
      "roc_auc": 0.9999497322499482,
      "pr_auc": 0.9997957325244585,
      "confusion_matrix": [
        [
          418981,
          316
        ],
        [
          191,
          84985
        ]
      ],
      "labels": [
        0,
        1
      ],
      "train_time_s": 242.66,
      "cv_f1_macro_mean": 0.9981309062258911
    },
    {
      "model": "XGBoost",
      "task": "binary",
      "accuracy": 0.9991615012101738,
      "balanced_accuracy": 0.9993037975089228,
      "mcc": 0.9970201305314974,
      "precision_macro": 0.9977175948012291,
      "recall_macro": 0.9993037975089228,
      "f1_macro": 0.9985086229116401,
      "f1_weighted": 0.9991621682108922,
      "fpr": 0.0009110487315673615,
      "fnr": 0.00048135625058701983,
      "detection_rate": 0.999518643749413,
      "roc_auc": 0.9999724972737609,
      "pr_auc": 0.9998846136909632,
      "confusion_matrix": [
        [
          418915,
          382
        ],
        [
          41,
          85135
        ]
      ],
      "labels": [
        0,
        1
      ],
      "train_time_s": 36.8,
      "cv_f1_macro_mean": 0.998409947227237
    },
    {
      "model": "RandomForest",
      "task": "multiclass",
      "accuracy": 0.9989275937463452,
      "balanced_accuracy": 0.9226807818236364,
      "mcc": 0.9964231573465799,
      "precision_macro": 0.971779304122911,
      "recall_macro": 0.9226807818236364,
      "f1_macro": 0.9398666846980406,
      "f1_weighted": 0.9989306683556028,
      "roc_auc": 0.9999522766964959,
      "confusion_matrix": [
        [
          418925,
          77,
          0,
          1,
          98,
          0,
          3,
          193
        ],
        [
          59,
          331,
          0,
          0,
          0,
          0,
          0,
          0
        ],
        [
          9,
          0,
          1822,
          0,
          0,
          0,
          0,
          0
        ],
        [
          6,
          0,
          0,
          25597,
          0,
          0,
          0,
          0
        ],
        [
          64,
          0,
          0,
          0,
          38684,
          0,
          4,
          0
        ],
        [
          3,
          0,
          0,
          0,
          0,
          4,
          0,
          0
        ],
        [
          12,
          0,
          0,
          0,
          1,
          0,
          416,
          0
        ],
        [
          5,
          0,
          0,
          0,
          3,
          0,
          3,
          18153
        ]
      ],
      "labels": [
        "BENIGN",
        "Bot",
        "BruteForce",
        "DDoS",
        "DoS",
        "Infiltration",
        "Other",
        "PortScan"
      ],
      "train_time_s": 205.34
    },
    {
      "model": "XGBoost",
      "task": "multiclass",
      "accuracy": 0.9991099622774658,
      "balanced_accuracy": 0.9200803817332084,
      "mcc": 0.9970310409203218,
      "precision_macro": 0.9789385856993061,
      "recall_macro": 0.9200803817332084,
      "f1_macro": 0.9421047888237403,
      "f1_weighted": 0.9991063054162441,
      "roc_auc": 0.9996343577424738,
      "confusion_matrix": [
        [
          418983,
          52,
          0,
          1,
          66,
          0,
          2,
          193
        ],
        [
          75,
          315,
          0,
          0,
          0,
          0,
          0,
          0
        ],
        [
          4,
          0,
          1827,
          0,
          0,
          0,
          0,
          0
        ],
        [
          4,
          0,
          0,
          25599,
          0,
          0,
          0,
          0
        ],
        [
          28,
          0,
          0,
          0,
          38719,
          0,
          3,
          2
        ],
        [
          3,
          0,
          0,
          0,
          0,
          4,
          0,
          0
        ],
        [
          4,
          0,
          0,
          0,
          2,
          0,
          423,
          0
        ],
        [
          5,
          0,
          0,
          0,
          4,
          0,
          1,
          18154
        ]
      ],
      "labels": [
        "BENIGN",
        "Bot",
        "BruteForce",
        "DDoS",
        "DoS",
        "Infiltration",
        "Other",
        "PortScan"
      ],
      "train_time_s": 247.85
    }
  ]
}