{
  "data_mode": "SAMPLE",
  "n_features": 69,
  "runs": [
    {
      "model": "RandomForest",
      "task": "binary",
      "accuracy": 0.9519583333333334,
      "balanced_accuracy": 0.8918156718474946,
      "mcc": 0.8441011732955352,
      "precision_macro": 0.9546186140279163,
      "recall_macro": 0.8918156718474946,
      "f1_macro": 0.9190446830256613,
      "f1_weighted": 0.9501796240080739,
      "fpr": 0.008472814221852584,
      "fnr": 0.20789584208315834,
      "detection_rate": 0.7921041579168416,
      "precision_attack": 0.958576874205845,
      "tn": 19075,
      "fp": 163,
      "fn": 990,
      "tp": 3772,
      "roc_auc": 0.9607762546381259,
      "pr_auc": 0.9233287005940434,
      "train_time_s": 76.32,
      "cv_f1_macro_mean": 0.9198144334694824,
      "cv_f1_macro_std": 0.0006024741641258435
    },
    {
      "model": "XGBoost",
      "task": "binary",
      "accuracy": 0.9755,
      "balanced_accuracy": 0.9459249789949622,
      "mcc": 0.9218130761073102,
      "precision_macro": 0.9763914264219887,
      "recall_macro": 0.9459249789949622,
      "f1_macro": 0.9602347928092377,
      "f1_weighted": 0.9750955284712063,
      "fpr": 0.005042104168832519,
      "fnr": 0.10310793784124317,
      "detection_rate": 0.8968920621587568,
      "precision_attack": 0.9777930402930403,
      "tn": 19141,
      "fp": 97,
      "fn": 491,
      "tp": 4271,
      "roc_auc": 0.9797518333862453,
      "pr_auc": 0.9652356285266589,
      "train_time_s": 6.53,
      "cv_f1_macro_mean": 0.937378375499775,
      "cv_f1_macro_std": 0.0016360971307870509
    },
    {
      "model": "RandomForest",
      "task": "multiclass",
      "accuracy": 0.931625,
      "balanced_accuracy": 0.3919959194632874,
      "mcc": 0.7878916890675689,
      "precision_macro": 0.4725047649109677,
      "recall_macro": 0.3919959194632874,
      "f1_macro": 0.4255302332916687,
      "f1_weighted": 0.9243544017247787,
      "roc_auc": 0.7443766151600566,
      "train_time_s": 48.03,
      "cv_f1_macro_mean": 0.41078335007675804,
      "cv_f1_macro_std": 0.002682209912262007
    },
    {
      "model": "XGBoost",
      "task": "multiclass",
      "accuracy": 0.967875,
      "balanced_accuracy": 0.4662790263889529,
      "mcc": 0.9040323328755895,
      "precision_macro": 0.596738297022683,
      "recall_macro": 0.4662790263889529,
      "f1_macro": 0.49046180858698096,
      "f1_weighted": 0.9644960620761828,
      "roc_auc": 0.8500210894900249,
      "train_time_s": 28.68,
      "cv_f1_macro_mean": 0.4643606930657217,
      "cv_f1_macro_std": 0.0005029391688357865
    }
  ],
  "threshold_analysis": {
    "thresholds": [
      0.05,
      0.1,
      0.15,
      0.2,
      0.25,
      0.3,
      0.35,
      0.39999999999999997,
      0.44999999999999996,
      0.49999999999999994,
      0.5499999999999999,
      0.6,
      0.65,
      0.7,
      0.75,
      0.7999999999999999,
      0.85,
      0.9,
      0.95
    ],
    "detection_rate": [
      0.9857202855942881,
      0.9731205375892482,
      0.9575808483830324,
      0.9439311213775724,
      0.9307013859722806,
      0.9204115917681647,
      0.9126417471650567,
      0.9061318773624527,
      0.9015119697606048,
      0.8968920621587568,
      0.8935321293574129,
      0.8903821923561529,
      0.8859722805543889,
      0.880932381352373,
      0.872112557748845,
      0.8611927761444771,
      0.8483830323393532,
      0.8280134397312053,
      0.7788744225115498
    ],
    "fpr": [
      0.4997920781786048,
      0.2421769414700073,
      0.1305749038361576,
      0.0759954257199293,
      0.04491111342135357,
      0.02775756315625325,
      0.016685726166961224,
      0.010292130159060194,
      0.007381224659528018,
      0.005042104168832519,
      0.004106455972554319,
      0.0032227882316249092,
      0.0023911009460442873,
      0.0017673354818588212,
      0.0016113941158124546,
      0.0011955504730221437,
      0.0007797068302318328,
      0.00031188273209273315,
      0.00010396091069757771
    ],
    "precision": [
      0.32804528618352086,
      0.49865490153879266,
      0.6447963800904978,
      0.7545744502266242,
      0.8368580060422961,
      0.8913971934106162,
      0.9312191986286694,
      0.9561267449590073,
      0.9679819616685457,
      0.9777930402930403,
      0.9817720350715274,
      0.9855880985588099,
      0.9892145369284877,
      0.991960274296524,
      0.9925908221797323,
      0.9944228903976722,
      0.9963008631319359,
      0.9984806280070904,
      0.9994610617084344
    ],
    "f1": [
      0.4922657437994861,
      0.6594094628246175,
      0.7706608078418117,
      0.8386976397051964,
      0.881288526546033,
      0.9056720735613183,
      0.9218368862021423,
      0.9304582210242588,
      0.933565293030336,
      0.9355969331872946,
      0.9355760773966578,
      0.9355692850838482,
      0.9347513016506037,
      0.933155377599822,
      0.9284596467695059,
      0.9230249831195139,
      0.9164114778269252,
      0.905292159338767,
      0.8754868405523427
    ]
  },
  "xgb_top_features": {
    "Fwd Packet Length Mean": 0.03543,
    "CWE Flag Count": 0.03501,
    "Init_Win_bytes_forward": 0.03133,
    "act_data_pkt_fwd": 0.03115,
    "FIN Flag Count": 0.03078,
    "PSH Flag Count": 0.02971,
    "Bwd Packet Length Min": 0.02889,
    "Subflow Bwd Packets": 0.02879,
    "Flow Duration": 0.02843,
    "Packet Length Variance": 0.02811,
    "Max Packet Length": 0.02727,
    "Flow IAT Mean": 0.026,
    "ECE Flag Count": 0.02546,
    "Fwd IAT Mean": 0.02535,
    "Fwd PSH Flags": 0.02518
  },
  "perclass_multiclass_xgb": {
    "BENIGN": {
      "precision": 0.9672,
      "recall": 0.9988,
      "f1-score": 0.9827,
      "support": 12825.0
    },
    "Bot": {
      "precision": 0.0,
      "recall": 0.0,
      "f1-score": 0.0,
      "support": 12.0
    },
    "BruteForce": {
      "precision": 0.8889,
      "recall": 0.0952,
      "f1-score": 0.172,
      "support": 84.0
    },
    "DDoS": {
      "precision": 0.9704,
      "recall": 0.8816,
      "f1-score": 0.9238,
      "support": 743.0
    },
    "DoS": {
      "precision": 0.9639,
      "recall": 0.8286,
      "f1-score": 0.8912,
      "support": 1418.0
    },
    "PortScan": {
      "precision": 0.9836,
      "recall": 0.926,
      "f1-score": 0.954,
      "support": 906.0
    },
    "RareAttack": {
      "precision": 0.0,
      "recall": 0.0,
      "f1-score": 0.0,
      "support": 1.0
    },
    "WebAttack": {
      "precision": 0.0,
      "recall": 0.0,
      "f1-score": 0.0,
      "support": 11.0
    },
    "macro avg": {
      "precision": 0.5967,
      "recall": 0.4663,
      "f1-score": 0.4905,
      "support": 16000.0
    },
    "weighted avg": {
      "precision": 0.9661,
      "recall": 0.9679,
      "f1-score": 0.9645,
      "support": 16000.0
    }
  }
}